{"cameraMode":{"drawMode":0,"name":"Shaded","section":"Shading Mode"},"sceneLighting":true,"audioPlay":false,"sceneViewState":{"showFog":true,"showMaterialUpdate":false,"showSkybox":true,"showFlares":true,"showImageEffects":true,"showParticleSystems":true},"in2DMode":false,"pivot":{"x":0.0,"y":1.1119999885559083,"z":0.9070000648498535},"rotation":{"x":-0.17719966173171998,"y":0.3844735324382782,"z":-0.07546199858188629,"w":-0.9028211236000061},"size":2.9315948486328127,"orthographic":false}